content,scheduledFor,timezone,instagram,tiktok,mediaUrls,instagram_first_comment,tiktok_first_comment,notes
"POV: je vindt een duplicaat op je plank 😭📚

Herkenbaar? ShelfieEase scant je ISBN en laat meteen zien of je het boek al hebt — geen dubbele aankopen meer.

Geen download. Gratis proberen → link in bio (shelfieease.app?utm_source=instagram&utm_medium=social&utm_campaign=jun2026)

Wat was je duurste duplicaat? Zet het in de comments 👇

#ShelfieEase #Boeken #Boekenverslaving #TBR #Lezen #Boekenkast #Bookstagram #LezersVanInstagram #BookTok #BookLovers #ReadingApp #BookOrganizer #Bookish #BookCollection #Bibliophile #BookAddict",2026-06-01T16:00:00.000Z,Europe/Amsterdam,true,true,https://www.shelfieease.app/videos/pilar-double-buy.mp4,Gratis proberen in je browser — link in bio 👆,Gratis proberen in je browser — link in bio 👆,dag 1 · jun2026
"Je plank verdient het om gezien te worden 📚✨

Maak je Shelfie card in 60 seconden:
→ scan je boeken
→ zet ze op planken
→ tik op ""Share Shelfie""

9:16 formaat, klaar voor Stories & Reels 🎬

Deel je Shelfie card in de comments — ik feature mijn favorieten deze week 🫶

Gratis proberen → link in bio (shelfieease.app?utm_source=instagram&utm_medium=social&utm_campaign=jun2026)

#ShelfieEase #ShelfieCard #Boeken #Bookstagram #BookCollection #Lezen #TBR #BookLovers #ReadingApp #BookOrganizer #Bookish #LezersVanInstagram #BookNerd #BookApp #Bibliophile",2026-06-06T16:00:00.000Z,Europe/Amsterdam,true,true,https://www.shelfieease.app/videos/pilar-sharing.mp4,Gratis proberen in je browser — link in bio 👆,Gratis proberen in je browser — link in bio 👆,dag 6 · jun2026
"Het emoji-planksysteem van ShelfieEase is alles 📚✨

→ 🌙 middernacht reads
→ 🔥 all-time faves
→ 💔 boeken die me kapot maakten
→ 🌸 comfort rereads
→ 📦 series bezig
→ 🎁 ongelezen cadeaus

Je mag je planken letterlijk alles noemen. Eindelijk een app die het snapt 🫶

Maak de jouwe gratis → shelfieease.app (link in bio)

Hoe zou JIJ je planken noemen? 👇

#ShelfieEase #Boeken #Bookstagram #BookOrganizer #BookCollection #Bookish #TBR #ReadingApp #BookLovers #BookNerd #Bibliophile #LezersVanInstagram #BookApp #Lezen #BookAddict",2026-06-08T16:00:00.000Z,Europe/Amsterdam,true,true,https://www.shelfieease.app/videos/pilar-visual-light.mp4,Gratis proberen in je browser — link in bio 👆,Gratis proberen in je browser — link in bio 👆,dag 8 · jun2026
"""Ik onthoud wel welke boeken ik heb""

sure babes. sure you will 😭📚

Wees eerlijk: wanneer wist je voor het laatst zeker dat je een boek NIET al had voordat je het kocht?

Met ShelfieEase scan je je collectie in minuten — shoppen zonder schuldgevoel (of duplicaten 😅)

Gratis proberen → link in bio (shelfieease.app?utm_source=instagram&utm_medium=social&utm_campaign=jun2026)

#BookTok #Boeken #Boekenverslaving #TBR #BookCollection #DuplicateBooks #ShelfieEase #ReadingApp #BookOrganizer #BookNerd #Bibliophile #LezersVanInstagram #Lezen #BookAddict #BookApp",2026-06-10T08:00:00.000Z,Europe/Amsterdam,true,true,https://www.shelfieease.app/videos/pilar-scattered-reading.mp4,Gratis proberen in je browser — link in bio 👆,Gratis proberen in je browser — link in bio 👆,dag 10 · jun2026
"Een serie van TBR naar Gelezen verplaatsen is het meest satisfying gevoel ever 📚✨

Eén tik per boek. Kijk je Gelezen-plank groeien.

Geen abonnement, geen download. Scan → plank → klaar 🫶

Probeer gratis op shelfieease.app — link in bio

Welke serie heb jij als laatste afgemaakt? 👇

#ShelfieEase #Boeken #BookCollection #SeriesBooks #Bookstagram #Bookish #BookLovers #TBR #Lezen #ReadingApp #BookOrganizer #LezersVanInstagram #BookNerd #BookApp #Gelezen",2026-06-14T16:00:00.000Z,Europe/Amsterdam,true,true,https://www.shelfieease.app/videos/pilar-calm-relief.mp4,Gratis proberen in je browser — link in bio 👆,Gratis proberen in je browser — link in bio 👆,dag 14 · jun2026
"Zomerplank, unlocked ☀️📚

Stap 1: scan je zomer-TBR met ShelfieEase
Stap 2: noem je plank ""Zomer 2026 ☀️"" (of wat jij wilt)
Stap 3: deel je Shelfie card naar Stories

Geen download nodig. Gratis proberen 🫶

shelfieease.app — link in bio

Wat lees jij deze zomer? Drop het hieronder 👇

#ShelfieEase #SummerReading #Boeken #Bookstagram #TBR #BookCollection #ReadingApp #BookOrganizer #Bookish #BookLovers #Zomerboeken #ShelfieCard #LezersVanInstagram #BookApp #Lezen",2026-06-17T10:00:00.000Z,Europe/Amsterdam,true,true,https://www.shelfieease.app/videos/pilar-one-system.mp4,Gratis proberen in je browser — link in bio 👆,Gratis proberen in je browser — link in bio 👆,dag 17 · jun2026
"Het is officieel zomer ☀️ en mijn TBR smeekt al om genade 📚

Elke zomer zeg ik: ""ik lees 20 boeken dit seizoen""

Elke zomer lees ik er 3 en koop ik er 15 bij 😭

Herkenbaar? Organiseer je zomer-TBR op ShelfieEase zodat je weet waar je aan begint 🫶

shelfieease.app — link in bio, gratis proberen

Wat is je zomerleesdoel? 👇

#SummerReading #Boeken #Bookstagram #TBR #BookLovers #Bookish #ReadingGoals #ShelfieEase #Lezen #LezersVanInstagram #BookNerd #Bibliophile #Zomerboeken #BookAddict #BookTok",2026-06-21T16:00:00.000Z,Europe/Amsterdam,true,true,https://www.shelfieease.app/videos/pilar-cluster-stress.mp4,Gratis proberen in je browser — link in bio 👆,Gratis proberen in je browser — link in bio 👆,dag 21 · jun2026
"DNF is geen falen. DNF is een grens 📚🫶

Maak een ""📦 Misschien later""-plank in ShelfieEase voor boeken die je pauzeert — niet opgeeft.

Het leven is te kort om door een boek heen te worstelen dat je nu niet pakt.

DNF jij? Of ben jij een ""altijd afmaken""-lezer? 👇

#BookTok #DNF #Bookstagram #Boeken #BookLovers #Bookish #TBR #BookCollection #ReadingLife #ShelfieEase #Lezen #LezersVanInstagram #BookNerd #ReadingCommunity #BookAddict",2026-06-23T16:00:00.000Z,Europe/Amsterdam,true,true,https://www.shelfieease.app/videos/pilar-stop-overorganizing.mp4,Gratis proberen in je browser — link in bio 👆,Gratis proberen in je browser — link in bio 👆,dag 23 · jun2026
"Alles wat ShelfieEase doet, in 60 seconden 📚✨

→ Scan ISBN met je camera
→ Boeken komen automatisch op je plank (cover, titel, auteurs)
→ Organiseer met eigen namen & emoji's
→ Houd TBR, Lezen en Gelezen bij
→ Maak een Shelfie card in 9:16 — perfect voor Stories & Reels
→ Geen app-download. Geen abonnement. Gratis proberen.

Eenmalige Pro-unlock: €4,99 voor onbeperkt boeken & planken, voor altijd 🫶

Probeer op shelfieease.app — link in bio

Vragen? Zet ze in de comments 👇

#ShelfieEase #Boeken #Bookstagram #BookApp #ReadingApp #BookCollection #BookOrganizer #Bookish #BookLovers #TBR #Lezen #LezersVanInstagram #BookNerd #ShelfieCard #BookAddict",2026-06-27T16:00:00.000Z,Europe/Amsterdam,true,true,https://www.shelfieease.app/videos/pilar-identity.mp4,Gratis proberen in je browser — link in bio 👆,Gratis proberen in je browser — link in bio 👆,dag 27 · jun2026
